{"cameraMode":{"drawMode":0,"name":"Shaded","section":"Shading Mode"},"sceneLighting":true,"audioPlay":false,"sceneViewState":{"showFog":true,"showMaterialUpdate":false,"showSkybox":true,"showFlares":true,"showImageEffects":true,"showParticleSystems":true},"in2DMode":false,"pivot":{"x":-2.918172597885132,"y":6.226602554321289,"z":4.065001487731934},"rotation":{"x":0.0719439834356308,"y":-0.8860846757888794,"z":0.14699657261371613,"w":0.43367046117782595},"size":113.57843780517578,"orthographic":false}