{"cameraMode":{"drawMode":0,"name":"Shaded","section":"Shading Mode"},"sceneLighting":true,"audioPlay":false,"sceneViewState":{"showFog":true,"showMaterialUpdate":false,"showSkybox":true,"showFlares":true,"showImageEffects":true,"showParticleSystems":true},"in2DMode":false,"pivot":{"x":-1.5519933700561524,"y":0.5999999046325684,"z":2.8259987831115724},"rotation":{"x":0.3589945137500763,"y":0.4932735860347748,"z":-0.23391884565353394,"w":0.7570245265960693},"size":32.008296966552737,"orthographic":false}