{"cameraMode":{"drawMode":0,"name":"Shaded","section":"Shading Mode"},"sceneLighting":false,"audioPlay":false,"sceneViewState":{"showFog":true,"showMaterialUpdate":false,"showSkybox":true,"showFlares":true,"showImageEffects":true,"showParticleSystems":true},"in2DMode":false,"pivot":{"x":-3.659467935562134,"y":1.796588659286499,"z":5.737051963806152},"rotation":{"x":0.11229091882705689,"y":0.88355553150177,"z":-0.2727333605289459,"w":0.3637813627719879},"size":7.294088363647461,"orthographic":false}